https://github.com/goofmint/sheet-db/pull/5#discussion_r2409820196	.tmp/tasks/1.2-foundation-ui-api.md	_ğŸ› ï¸ Refactor suggestion_ | _ğŸŸ  Major_  **ãƒ•ãƒ­ãƒ³ãƒˆã‚¨ãƒ³ãƒ‰ã®èª¬æ˜ãŒçŸ›ç›¾ã—ã¦ã‚‹ãï¼**  Line 19ã§ã€ŒHono JSX (SSR) + hono/jsx/dom (ã‚¯ãƒ©ã‚¤ã‚¢ãƒ³ãƒˆã‚µã‚¤ãƒ‰)ã€ã£ã¦æ›¸ã„ã¦ã‚‹ã®ã«ã€Line 20ã§ã€Œhono/jsx/dom with React Hooksã€ã£ã¦è¨€ã£ã¦ã‚‹ã®ã¯ç´›ã‚‰ã‚ã—ã„ãã€‚Hono JSXã®Hooksã¯Reactã®Hooksã¨ã¯åˆ¥ç‰©ã ã‹ã‚‰ã€ã€ŒReact Hooksã€ã£ã¦æ›¸ãã¨èª¤è§£ã‚’æ‹›ããœã€‚    ã€ŒHono JSXã®Hooksã€ã‹ã€ŒuseState/useEffectãªã©ã®Hooksã€ã£ã¦æ˜ç¢ºã«ã—ã‚ã€‚  ```diff  - **ãƒ•ãƒ­ãƒ³ãƒˆã‚¨ãƒ³ãƒ‰**: Hono JSX (SSR) + hono/jsx/dom (ã‚¯ãƒ©ã‚¤ã‚¢ãƒ³ãƒˆã‚µã‚¤ãƒ‰) -- **ã‚¯ãƒ©ã‚¤ã‚¢ãƒ³ãƒˆã‚µã‚¤ãƒ‰ãƒ¬ãƒ³ãƒ€ãƒªãƒ³ã‚°**: hono/jsx/dom with React Hooks (useState, useEffect, etc.) +- **ã‚¯ãƒ©ã‚¤ã‚¢ãƒ³ãƒˆã‚µã‚¤ãƒ‰ãƒ¬ãƒ³ãƒ€ãƒªãƒ³ã‚°**: hono/jsx/domã§ã®Hooks (useState, useEffectç­‰) ```  <!-- suggestion_start -->  <details> <summary>ğŸ“ Committable suggestion</summary>  > â€¼ï¸ **IMPORTANT** > Carefully review the code before committing. Ensure that it accurately replaces the highlighted code, contains no missing lines, and has no issues with indentation. Thoroughly test & benchmark the code to ensure it meets the requirements.  ```suggestion - **ãƒ•ãƒ­ãƒ³ãƒˆã‚¨ãƒ³ãƒ‰**: Hono JSX (SSR) + hono/jsx/dom (ã‚¯ãƒ©ã‚¤ã‚¢ãƒ³ãƒˆã‚µã‚¤ãƒ‰) - **ã‚¯ãƒ©ã‚¤ã‚¢ãƒ³ãƒˆã‚µã‚¤ãƒ‰ãƒ¬ãƒ³ãƒ€ãƒªãƒ³ã‚°**: hono/jsx/domã§ã®Hooks (useState, useEffectç­‰) ```  </details>  <!-- suggestion_end -->  <details> <summary>ğŸ¤– Prompt for AI Agents</summary>  ``` .tmp/tasks/1.2-foundation-ui-api.md around lines 19-20: the frontend description is ambiguous â€” it lists "Hono JSX (SSR) + hono/jsx/dom (client-side)" then calls it "hono/jsx/dom with React Hooks", which is misleading because Hono JSX hooks differ from React hooks; change the wording to clearly indicate they are Hono JSX hooks (e.g., "Hono JSXã®Hooksï¼ˆuseState/useEffectç›¸å½“ï¼‰") or explicitly say "useState/useEffectãªã©ã®Hono JSXã®Hooks" so readers won't confuse them with React Hooks. ```  </details>  <!-- This is an auto-generated comment by CodeRabbit -->
https://github.com/goofmint/sheet-db/pull/5#discussion_r2409820210	.tmp/tasks/1.2-foundation-ui-api.md	_ğŸ› ï¸ Refactor suggestion_ | _ğŸŸ  Major_  **Reactäº’æ›Hooksã®èª¬æ˜ãŒèª¤è§£ã‚’æ‹›ããï¼**  ã€ŒReactäº’æ›Hooksã€ã€ŒReact Hooksã«ã‚ˆã‚‹å‹•çš„UIå®Ÿè£…ã€ã£ã¦æ›¸ã„ã¦ã‚‹ã‘ã©ã€ã“ã‚Œã¯Reactã˜ã‚ƒãªãã¦Hono JSXã®Hooksã ã‚ã€‚å®Ÿè£…ã§Reactã¯ä½¿ã£ã¦ã­ã‡ã®ã«ã€ãƒ‰ã‚­ãƒ¥ãƒ¡ãƒ³ãƒˆã§Reactã£ã¦è¨€ã„ç¶šã‘ã‚‹ã¨æ··ä¹±ã™ã‚‹ãã€‚    å…¨éƒ¨ã€ŒHono JSXã®Hooksã€ã«çµ±ä¸€ã—ã‚ã€‚  ```diff -- **Reactäº’æ›Hooks**: `hono/jsx/dom`ã§useState, useEffectç­‰ãŒä½¿ç”¨å¯èƒ½ -- **ã‚¯ãƒ©ã‚¤ã‚¢ãƒ³ãƒˆã‚µã‚¤ãƒ‰ã‚¤ãƒ³ã‚¿ãƒ©ã‚¯ãƒ†ã‚£ãƒ–**: React Hooksã«ã‚ˆã‚‹å‹•çš„UIå®Ÿè£… +- **Hono JSX Hooks**: `hono/jsx/dom`ã§useState, useEffectç­‰ãŒä½¿ç”¨å¯èƒ½ +- **ã‚¯ãƒ©ã‚¤ã‚¢ãƒ³ãƒˆã‚µã‚¤ãƒ‰ã‚¤ãƒ³ã‚¿ãƒ©ã‚¯ãƒ†ã‚£ãƒ–**: Hono JSX Hooksã«ã‚ˆã‚‹å‹•çš„UIå®Ÿè£… ```  <!-- suggestion_start -->  <details> <summary>ğŸ“ Committable suggestion</summary>  > â€¼ï¸ **IMPORTANT** > Carefully review the code before committing. Ensure that it accurately replaces the highlighted code, contains no missing lines, and has no issues with indentation. Thoroughly test & benchmark the code to ensure it meets the requirements.  ```suggestion 5. **Hono JSX Hooks**: `hono/jsx/dom`ã§useState, useEffectç­‰ãŒä½¿ç”¨å¯èƒ½ 6. **ã‚¯ãƒ©ã‚¤ã‚¢ãƒ³ãƒˆã‚µã‚¤ãƒ‰ã‚¤ãƒ³ã‚¿ãƒ©ã‚¯ãƒ†ã‚£ãƒ–**: Hono JSX Hooksã«ã‚ˆã‚‹å‹•çš„UIå®Ÿè£… ```  </details>  <!-- suggestion_end -->  <details> <summary>ğŸ¤– Prompt for AI Agents</summary>  ``` .tmp/tasks/1.2-foundation-ui-api.md around lines 32 to 33: the text wrongly refers to "Reactäº’æ›Hooks" and "React Hooks" while the implementation uses Hono JSX hooks; update both bullet points to consistently say "Hono JSXã®Hooks" and reword the second line to "ã‚¯ãƒ©ã‚¤ã‚¢ãƒ³ãƒˆã‚µã‚¤ãƒ‰ã‚¤ãƒ³ã‚¿ãƒ©ã‚¯ãƒ†ã‚£ãƒ–: Hono JSXã®Hooksã«ã‚ˆã‚‹å‹•çš„UIå®Ÿè£…" so the docs no longer reference React. ```  </details>  <!-- This is an auto-generated comment by CodeRabbit -->
https://github.com/goofmint/sheet-db/pull/5#discussion_r2409820215	.tmp/tasks/1.2-foundation-ui-api.md	_âš ï¸ Potential issue_ | _ğŸŸ¡ Minor_  **ãƒ«ãƒ¼ãƒ†ã‚£ãƒ³ã‚°è¨­è¨ˆã®èª¬æ˜ãŒä¸å®Œå…¨ã ãï¼**  fenced code blockã«è¨€èªæŒ‡å®šãŒã­ã‡ãï¼ˆmarkdownlintã‚‚æ–‡å¥è¨€ã£ã¦ã‚‹ï¼‰ã€‚ãã‚Œã«ã€ŒClient-side rendering (hono/jsx/dom)ã€ã®é…ä¸‹ã«ãƒšãƒ¼ã‚¸ä¸€è¦§ãŒã‚ã‚‹ã‘ã©ã€å®Ÿè£…ã‚’è¦‹ã‚‹ã¨ã“ã‚Œã‚‰ã¯ã‚µãƒ¼ãƒãƒ¼ã‚µã‚¤ãƒ‰ãƒ«ãƒ¼ãƒˆã ã‚ã€‚ã‚¯ãƒ©ã‚¤ã‚¢ãƒ³ãƒˆã‚µã‚¤ãƒ‰ãƒ¬ãƒ³ãƒ€ãƒªãƒ³ã‚°ã®èª¬æ˜ã¨å®Ÿéš›ã®å®Ÿè£…ãŒé£Ÿã„é•ã£ã¦ã‚‹ãã€‚    è¨€èªæŒ‡å®šã‚’è¿½åŠ ã—ã¦ã€ãƒ«ãƒ¼ãƒ†ã‚£ãƒ³ã‚°èª¬æ˜ã‚’å®Ÿè£…ã¨åˆã‚ã›ã‚ã€‚  ````diff -``` +```text  / (root)    â””â”€â”€ HTML (SSR by Hono JSX) -      â””â”€â”€ Client-side rendering (hono/jsx/dom) -          â”œâ”€â”€ / - ãƒ€ãƒƒã‚·ãƒ¥ãƒœãƒ¼ãƒ‰ -          â”œâ”€â”€ /settings - ã‚·ã‚¹ãƒ†ãƒ è¨­å®š -          â””â”€â”€ /setup - åˆæœŸè¨­å®š +      â”œâ”€â”€ / - ãƒ€ãƒƒã‚·ãƒ¥ãƒœãƒ¼ãƒ‰ (SSR) +      â”œâ”€â”€ /settings - ã‚·ã‚¹ãƒ†ãƒ è¨­å®š (SSR) +      â””â”€â”€ /setup - åˆæœŸè¨­å®š (SSR)    /api    â””â”€â”€ /health - ãƒ˜ãƒ«ã‚¹ãƒã‚§ãƒƒã‚¯    â””â”€â”€ /version - ãƒãƒ¼ã‚¸ãƒ§ãƒ³æƒ…å ± -``` +``` ````  <details> <summary>ğŸ§° Tools</summary>  <details> <summary>ğŸª› markdownlint-cli2 (0.18.1)</summary>  37-37: Fenced code blocks should have a language specified  (MD040, fenced-code-language)  </details>  </details>  <details> <summary>ğŸ¤– Prompt for AI Agents</summary>  ```` In .tmp/tasks/1.2-foundation-ui-api.md around lines 37 to 48, the fenced code block is missing a language tag and the routing entries incorrectly label pages as "Client-side rendering" while the implementation uses SSR; add a language specifier (e.g., ```text) to the fenced block, update the tree to reflect that /, /settings, and /setup are SSR routes (replace the "Client-side rendering" node with explicit entries like "/ - ãƒ€ãƒƒã‚·ãƒ¥ãƒœãƒ¼ãƒ‰ (SSR)", "/settings - ã‚·ã‚¹ãƒ†ãƒ è¨­å®š (SSR)", "/setup - åˆæœŸè¨­å®š (SSR)"), and ensure the closing triple-backticks are present. ````  </details>  <!-- This is an auto-generated comment by CodeRabbit -->
https://github.com/goofmint/sheet-db/pull/5#discussion_r2409820225	.tmp/tasks/1.2-foundation-ui-api.md	_ğŸ› ï¸ Refactor suggestion_ | _ğŸŸ  Major_  **ã‚¯ãƒ©ã‚¤ã‚¢ãƒ³ãƒˆã‚µã‚¤ãƒ‰ãƒ¬ãƒ³ãƒ€ãƒªãƒ³ã‚°ã®èª¬æ˜ãŒå®Ÿè£…ã¨åˆã£ã¦ã­ã‡ãï¼**  ã“ã®èª¬æ˜ã ã¨ã™ã¹ã¦ã®ãƒšãƒ¼ã‚¸ãŒãƒã‚¤ãƒ‰ãƒ¬ãƒ¼ã‚·ãƒ§ãƒ³ã¨ã‚¤ãƒ³ã‚¿ãƒ©ã‚¯ãƒ†ã‚£ãƒ–ã«ãªã‚‹ã‚ˆã†ã«èª­ã‚ã‚‹ã‘ã©ã€å®Ÿè£…ã‚’è¦‹ã‚‹ã¨ãƒ€ãƒƒã‚·ãƒ¥ãƒœãƒ¼ãƒ‰ã€è¨­å®šã€ã‚»ãƒƒãƒˆã‚¢ãƒƒãƒ—ãƒšãƒ¼ã‚¸ã¯å˜ç´”ãªSSRã§ã€ã‚¯ãƒ©ã‚¤ã‚¢ãƒ³ãƒˆã‚µã‚¤ãƒ‰ã®Hooksã¯ä½¿ã£ã¦ã­ã‡ã ã‚ã€‚èª¬æ˜ãŒèª‡å¼µã•ã‚Œã¦ã‚‹ãã€‚     å®Ÿè£…ã«åˆã‚ã›ã¦ã€Œå°†æ¥çš„ã«ã‚¤ãƒ³ã‚¿ãƒ©ã‚¯ãƒ†ã‚£ãƒ–ã‚³ãƒ³ãƒãƒ¼ãƒãƒ³ãƒˆã‚’è¿½åŠ å¯èƒ½ã€ã£ã¦æ›¸ãã‹ã€å®Ÿè£…ã‚’èª¬æ˜é€šã‚Šã«ã™ã‚‹ã‹ã€ã©ã£ã¡ã‹ã«ã—ã‚ã€‚  <details> <summary>ğŸ¤– Prompt for AI Agents</summary>  ``` In .tmp/tasks/1.2-foundation-ui-api.md around lines 50â€“55, the doc currently asserts that all pages are hydrated and run client-side Hooks, which contradicts the implementation where dashboard, settings, and setup pages are simple SSR without client Hooks; update the paragraph to accurately state that the app is SSR by default, list the pages that are currently rendered server-side (dashboard, settings, setup), and then add a brief note that interactive components can be added in the future by using hono/jsx/dom render() for hydration (or alternatively change implementation to match the original claim). ```  </details>  <!-- This is an auto-generated comment by CodeRabbit -->
https://github.com/goofmint/sheet-db/pull/5#discussion_r2409820229	.tmp/tasks/1.2-foundation-ui-api.md	_ğŸ› ï¸ Refactor suggestion_ | _ğŸŸ  Major_  **ãƒãƒ¼ã‚¸ãƒ§ãƒ³å®Ÿè£…ã®ãƒ‰ã‚­ãƒ¥ãƒ¡ãƒ³ãƒˆãŒã¾ã å¤ã„ãï¼**  éå»ã®ãƒ¬ãƒ“ãƒ¥ãƒ¼ã§ã€ŒWorkersã§package.jsonèª­ã‚ãªã„ã€ã£ã¦æŒ‡æ‘˜ã•ã‚Œã¦å¯¾å¿œæ¸ˆã¿ã¨ãƒãƒ¼ã‚¯ã•ã‚Œã¦ã‚‹ã®ã«ã€ãƒ‰ã‚­ãƒ¥ãƒ¡ãƒ³ãƒˆã®ã‚³ãƒ¡ãƒ³ãƒˆã«ã€ŒReturn version from package.jsonã€ã£ã¦æ®‹ã£ã¦ã‚‹ã˜ã‚ƒã­ã‡ã‹ã€‚å®Ÿè£…ã‚’è¦‹ã‚‹ã¨env.VERSIONã‚’ä½¿ã£ã¦ã‚‹ã¯ãšã ã‹ã‚‰ã€ãƒ‰ã‚­ãƒ¥ãƒ¡ãƒ³ãƒˆã‚‚æ›´æ–°ã—ã‚ã€‚     ```diff  /**   * GET /api/version - Version information endpoint   * - * Returns application version and build info + * Returns application version from environment variables   */  api.get('/version', (c) => { -  // Implementation: Return version from package.json +  // Implementation: Return version from c.env.VERSION  }); ```  <!-- suggestion_start -->  <details> <summary>ğŸ“ Committable suggestion</summary>  > â€¼ï¸ **IMPORTANT** > Carefully review the code before committing. Ensure that it accurately replaces the highlighted code, contains no missing lines, and has no issues with indentation. Thoroughly test & benchmark the code to ensure it meets the requirements.  ```suggestion /**  * GET /api/version - Version information endpoint  *  * Returns application version from environment variables  */ api.get('/version', (c) => {   // Implementation: Return version from c.env.VERSION }); ```  </details>  <!-- suggestion_end -->  <details> <summary>ğŸ¤– Prompt for AI Agents</summary>  ``` .tmp/tasks/1.2-foundation-ui-api.md around lines 558 to 560: the endpoint comment still says "Return version from package.json" which is outdated because the implementation uses env.VERSION (Workers cannot read package.json); update the documentation comment to state that the route returns the version from the environment binding (env.VERSION) or worker environment variable and remove or replace any reference to package.json so it correctly reflects the implemented behavior. ```  </details>  <!-- This is an auto-generated comment by CodeRabbit -->
https://github.com/goofmint/sheet-db/pull/5#discussion_r2409820243	src/components/Dashboard.tsx	_âš ï¸ Potential issue_ | _ğŸ”´ Critical_  **ã‚»ã‚­ãƒ¥ãƒªãƒ†ã‚£ã®ç©´ã‚’è¦‹ã¤ã‘ãŸãï¼`target="_blank"`ã«`rel`å±æ€§ãŒè¶³ã‚Šãªã„ï¼**  180è¡Œç›®ã®`target="_blank"`ãŒ`rel="noopener noreferrer"`ãªã—ã§ä½¿ã‚ã‚Œã¦ã‚‹ã€‚ã“ã‚Œã¯é‡å¤§ãªã‚»ã‚­ãƒ¥ãƒªãƒ†ã‚£ãƒªã‚¹ã‚¯ã ï¼  é–‹ã‹ã‚ŒãŸãƒšãƒ¼ã‚¸ãŒ`window.opener`çµŒç”±ã§å…ƒã®ãƒšãƒ¼ã‚¸ã«ã‚¢ã‚¯ã‚»ã‚¹ã§ãã¦ã—ã¾ã†ã€‚æ‚ªæ„ã®ã‚ã‚‹ã‚µã‚¤ãƒˆã ã£ãŸã‚‰ã€å…ƒã®ãƒšãƒ¼ã‚¸ã‚’ãƒ•ã‚£ãƒƒã‚·ãƒ³ã‚°ã‚µã‚¤ãƒˆã«ãƒªãƒ€ã‚¤ãƒ¬ã‚¯ãƒˆã™ã‚‹ã“ã¨ã‚‚ã§ãã‚‹ãï¼    ã™ãã«ä¿®æ­£ã—ã¦ãã‚Œï¼š  ```diff            <a              href="/api/health"              target="_blank" +            rel="noopener noreferrer"              style={{                display: 'inline-block',                padding: '10px 20px', ```  Biomeã®é™çš„è§£æã§ã‚‚æŒ‡æ‘˜ã•ã‚Œã¦ã‚‹é€šã‚Šã€`rel="noopener"`ã‚’è¿½åŠ ã™ã‚Œã°å®‰å…¨ã«ãªã‚‹ã€‚`noreferrer`ã‚‚ä¸€ç·’ã«ã¤ã‘ã¨ãã¨ã€ã•ã‚‰ã«ãƒ—ãƒ©ã‚¤ãƒã‚·ãƒ¼ä¿è­·ãŒå¼·åŒ–ã•ã‚Œã‚‹ãï¼  <!-- suggestion_start -->  <details> <summary>ğŸ“ Committable suggestion</summary>  > â€¼ï¸ **IMPORTANT** > Carefully review the code before committing. Ensure that it accurately replaces the highlighted code, contains no missing lines, and has no issues with indentation. Thoroughly test & benchmark the code to ensure it meets the requirements.  ```suggestion           <a             href="/api/health"             target="_blank"             rel="noopener noreferrer"             style={{               display: 'inline-block',               padding: '10px 20px',               backgroundColor: '#10b981',               color: 'white',               borderRadius: '6px',               textDecoration: 'none',               fontSize: '14px',               fontWeight: '500',             }}           >             ğŸ¥ Health Check           </a> ```  </details>  <!-- suggestion_end -->  <details> <summary>ğŸ§° Tools</summary>  <details> <summary>ğŸª› Biome (2.1.2)</summary>  [error] 180-181: Avoid using target="_blank" without rel="noopener" or rel="noreferrer".  Opening external links in new tabs without rel="noopener" is a security risk. See the explanation for more details. Safe fix: Add the rel="noopener" attribute.   (lint/security/noBlankTarget)  </details>  </details>  <details> <summary>ğŸ¤– Prompt for AI Agents</summary>  ``` In src/components/Dashboard.tsx around lines 178 to 193, the anchor uses target="_blank" without rel attributes which exposes window.opener and is a security risk; update the anchor to include rel="noopener noreferrer" (or at minimum "noopener") to prevent the opened page from accessing the opener and to improve privacy, and ensure formatting/quotes match existing JSX style. ```  </details>  <!-- This is an auto-generated comment by CodeRabbit -->
https://github.com/goofmint/sheet-db/pull/5#discussion_r2409820253	src/middlewares/cors.ts	_âš ï¸ Potential issue_ | _ğŸŸ  Major_  **è¦‹è½ã¨ã—ã¯ã­ã‡ã‹ï¼ŸVaryãƒ˜ãƒƒãƒ€ãƒ¼ãŒè¶³ã‚Šã­ã‡ãï¼**   è¤‡æ•°ã‚ªãƒªã‚¸ãƒ³ã‚’è¨±å¯ã™ã‚‹ã¨ã‚­ãƒ£ãƒƒã‚·ãƒ¥çµŒç”±ã§åˆ¥ã‚ªãƒªã‚¸ãƒ³ã«ãƒ˜ãƒƒãƒ€ãƒ¼ãŒæ¼ã‚Œã¡ã¾ã†ã€‚`Vary: Origin` ã‚’ä»˜ã‘ã¦ãŠã‘ã°å®‰å…¨ã ï¼     ```diff      // Set CORS headers -    c.header('Access-Control-Allow-Origin', responseOrigin); +    c.header('Access-Control-Allow-Origin', responseOrigin); +    if (responseOrigin !== '*') { +      c.header('Vary', 'Origin'); +    } ```  <details> <summary>ğŸ¤– Prompt for AI Agents</summary>  ``` In src/middlewares/cors.ts around lines 66 to 75, the response is missing the Vary header which is required when allowing multiple origins; add setting the Vary header for Origin in the same CORS header block (i.e., ensure the response includes "Vary: Origin" whenever you compute/set responseOrigin instead of '*' so caches don't serve headers across origins). ```  </details>  <!-- fingerprinting:phantom:medusa:sabertoothed -->  <!-- This is an auto-generated comment by CodeRabbit -->
https://github.com/goofmint/sheet-db/pull/5#discussion_r2409820262	tests/helpers/test-app.ts	_âš ï¸ Potential issue_ | _ğŸ”´ Critical_  **DB binãƒ‡ã‚£ãƒ³ã‚°ãŒæŠœã‘ã¦ã‚‹ãï¼**  `createTestEnv`ã®ã‚³ãƒ¡ãƒ³ãƒˆï¼ˆline 25ï¼‰ã«ã€ŒAdd other required environment variables hereã€ã£ã¦æ›¸ã„ã¦ã‚ã‚‹ã‘ã©ã€`Env`å‹ã«ã¯`DB: D1Database`ãƒ•ã‚£ãƒ¼ãƒ«ãƒ‰ãŒå¿…é ˆãªã®ã«`defaultEnv`ã«å…¥ã£ã¦ã­ã‡ã˜ã‚ƒã­ã‡ã‹ã€‚ãƒ˜ãƒ«ã‚¹ãƒã‚§ãƒƒã‚¯ã¨ã‹ä»–ã®ãƒ†ã‚¹ãƒˆã§DBã‚¢ã‚¯ã‚»ã‚¹ã—ãŸã‚‰å³æ­»ã™ã‚‹ãã€‚    ãƒ¢ãƒƒã‚¯D1Databaseã‚’è¿½åŠ ã—ã‚ã€‚ãƒ†ã‚¹ãƒˆã§ã¯å®Ÿéš›ã®DBã˜ã‚ƒãªãã¦ãƒ¢ãƒƒã‚¯ã§ååˆ†ã ã€‚  ```diff  export function createTestEnv(overrides?: Partial<Env>): Env {    const defaultEnv: Env = {      ENVIRONMENT: 'test', -    // Add other required environment variables here as they are added to the Env type +    DB: {} as D1Database, // ãƒ¢ãƒƒã‚¯D1 - å®Ÿéš›ã®ãƒ†ã‚¹ãƒˆã§ã¯stubã‚’ä½¿ã†    };      return { ```  ä½¿ã†å´ã®ãƒ†ã‚¹ãƒˆã§ã¯ã€å¿…è¦ã«å¿œã˜ã¦`vi.fn()`ã§DBãƒ¡ã‚½ãƒƒãƒ‰ã‚’ãƒ¢ãƒƒã‚¯ã—ã‚ã€‚  <!-- suggestion_start -->  <details> <summary>ğŸ“ Committable suggestion</summary>  > â€¼ï¸ **IMPORTANT** > Carefully review the code before committing. Ensure that it accurately replaces the highlighted code, contains no missing lines, and has no issues with indentation. Thoroughly test & benchmark the code to ensure it meets the requirements.  ```suggestion export function createTestEnv(overrides?: Partial<Env>): Env {   const defaultEnv: Env = {     ENVIRONMENT: 'test',     DB: {} as D1Database, // ãƒ¢ãƒƒã‚¯D1 - å®Ÿéš›ã®ãƒ†ã‚¹ãƒˆã§ã¯stubã‚’ä½¿ã†   };    return {     ...defaultEnv,     ...overrides,   }; } ```  </details>  <!-- suggestion_end -->  <details> <summary>ğŸ¤– Prompt for AI Agents</summary>  ``` In tests/helpers/test-app.ts around lines 22 to 32, the defaultEnv is missing the required DB: D1Database binding so tests that access the DB will fail; add a mock D1Database to defaultEnv (e.g. a minimal object implementing the D1Database shape with its methods stubbed using vi.fn()) and export/use that as the DB field in defaultEnv so tests can override individual methods via overrides when needed; ensure any required types are imported and the mock covers methods used by health checks and other tests. ```  </details>  <!-- This is an auto-generated comment by CodeRabbit -->
https://github.com/goofmint/sheet-db/pull/5#discussion_r2409848777	tests/helpers/test-app.ts	_âš ï¸ Potential issue_ | _ğŸ”´ Critical_  <details> <summary>ğŸ§© Analysis chain</summary>  **ãƒ†ã‚¹ãƒˆã‚¹ã‚¤ãƒ¼ãƒˆé–“ã§cleanupTestEnvã‚’å‘¼ã³å‡ºã™ä»•çµ„ã¿ãŒå¿…è¦ã ãœï¼**  ãƒ¢ã‚¸ãƒ¥ãƒ¼ãƒ«ãƒ¬ãƒ™ãƒ«ã®ã‚­ãƒ£ãƒƒã‚·ãƒ¥ã¯ä¾¿åˆ©ã ãŒã€ãƒ†ã‚¹ãƒˆçµ‚äº†å¾Œã«ã‚¯ãƒªãƒ¼ãƒ³ã‚¢ãƒƒãƒ—ã—ã­ã‡ã¨ãƒªã‚½ãƒ¼ã‚¹ãƒªãƒ¼ã‚¯ã™ã‚‹ãï¼å„ãƒ†ã‚¹ãƒˆãƒ•ã‚¡ã‚¤ãƒ«ã®`afterAll`ãƒ•ãƒƒã‚¯ã§`cleanupTestEnv()`ã‚’å‘¼ã³å‡ºã™ãƒ‘ã‚¿ãƒ¼ãƒ³ã‚’ãƒ‰ã‚­ãƒ¥ãƒ¡ãƒ³ãƒˆåŒ–ã—ã‚ã€‚  ã‚‚ã—ãã¯ã€Vitestã®ã‚°ãƒ­ãƒ¼ãƒãƒ«ã‚»ãƒƒãƒˆã‚¢ãƒƒãƒ—/ãƒ†ã‚£ã‚¢ãƒ€ã‚¦ãƒ³æ©Ÿèƒ½ã‚’ä½¿ã£ã¦ã€å…¨ãƒ†ã‚¹ãƒˆå®Ÿè¡Œå¾Œã«è‡ªå‹•ã‚¯ãƒªãƒ¼ãƒ³ã‚¢ãƒƒãƒ—ã™ã‚‹ä»•çµ„ã¿ã‚’è¿½åŠ ã—ã‚ã€‚   ä»¥ä¸‹ã®ã‚¹ã‚¯ãƒªãƒ—ãƒˆã§ã€ãƒ†ã‚¹ãƒˆãƒ•ã‚¡ã‚¤ãƒ«ãŒ`afterAll`ã§ã‚¯ãƒªãƒ¼ãƒ³ã‚¢ãƒƒãƒ—ã‚’å‘¼ã³å‡ºã—ã¦ã‚‹ã‹ç¢ºèªã—ã‚ï¼š  ---  ğŸ Script executed:  ```shell #!/bin/bash # Description: Check if test files call cleanupTestEnv in afterAll hooks  # Search for test files using getTestEnv rg -l "getTestEnv" tests/  # Check if those files have afterAll with cleanupTestEnv rg -A 3 "afterAll" tests/ | rg "cleanupTestEnv" ```  Length of output: 143  ---    </details>  **cleanupTestEnv()ã‚’ãƒ†ã‚¹ãƒˆçµ‚äº†å¾Œã«å¿…ãšå‘¼ã‚“ã§ãƒªã‚½ãƒ¼ã‚¹ãƒªãƒ¼ã‚¯ã‚’é˜²ã’ï¼**  ãƒ¢ã‚¸ãƒ¥ãƒ¼ãƒ«ãƒ¬ãƒ™ãƒ«ã‚­ãƒ£ãƒƒã‚·ãƒ¥(`cachedEnv`, `cachedCleanup`)ã‚’ä½¿ã£ã¦ã‚‹ãªã‚‰ã€å„ãƒ†ã‚¹ãƒˆãƒ•ã‚¡ã‚¤ãƒ«ã® `afterAll(() => cleanupTestEnv())` ã‚’è¿½åŠ ã™ã‚‹ã‹ã€Vitestã®ã‚°ãƒ­ãƒ¼ãƒãƒ«ã‚»ãƒƒãƒˆã‚¢ãƒƒãƒ—ï¼ãƒ†ã‚£ã‚¢ãƒ€ã‚¦ãƒ³ã§è‡ªå‹•ã‚¯ãƒªãƒ¼ãƒ³ã‚¢ãƒƒãƒ—ã‚’ä»•è¾¼ã‚ï¼  <details> <summary>ğŸ¤– Prompt for AI Agents</summary>  ``` In tests/helpers/test-app.ts around lines 11-12, the module-level caches (cachedEnv, cachedCleanup) can leak resources if cleanupTestEnv() is not always called; add a guaranteed teardown: either require each test file to call afterAll(() => cleanupTestEnv()) or implement a Vitest global teardown that invokes cleanupTestEnv(), and ensure cleanupTestEnv clears cachedEnv and cachedCleanup after running so repeated runs don't retain refs. ```  </details>  <!-- This is an auto-generated comment by CodeRabbit -->
https://github.com/goofmint/sheet-db/pull/5#discussion_r2409848791	tests/helpers/test-app.ts	_âš ï¸ Potential issue_ | _ğŸŸ  Major_  **getPlatformProxyã®ã‚¨ãƒ©ãƒ¼ãƒãƒ³ãƒ‰ãƒªãƒ³ã‚°ãŒæŠœã‘ã¦ã‚‹ãï¼**  `getPlatformProxy<Env>()`ã®å‘¼ã³å‡ºã—ãŒå¤±æ•—ã—ãŸå ´åˆã®å‡¦ç†ãŒã­ã‡ã€‚ãƒ—ãƒ­ã‚­ã‚·ã®åˆæœŸåŒ–ã«å¤±æ•—ã—ãŸã‚‰å…¨ãƒ†ã‚¹ãƒˆãŒæ­¢ã¾ã£ã¡ã¾ã†ãœï¼  ã‚¨ãƒ©ãƒ¼ãƒ¡ãƒƒã‚»ãƒ¼ã‚¸ã‚’è¿½åŠ ã—ã¦ã€ä½•ãŒèµ·ããŸã‹åˆ†ã‹ã‚‹ã‚ˆã†ã«ã—ã‚ã€‚   ```diff  export async function getTestEnv(): Promise<Env> {    if (cachedEnv) {      return cachedEnv;    }   -  const proxy = await getPlatformProxy<Env>(); +  try { +    const proxy = await getPlatformProxy<Env>(); -  cachedEnv = proxy.env; -  cachedCleanup = proxy.dispose; - -  return cachedEnv; +    cachedEnv = proxy.env; +    cachedCleanup = proxy.dispose; +    return cachedEnv; +  } catch (error) { +    throw new Error(`Failed to initialize test environment: ${error instanceof Error ? error.message : String(error)}`); +  }  } ```  <!-- suggestion_start -->  <details> <summary>ğŸ“ Committable suggestion</summary>  > â€¼ï¸ **IMPORTANT** > Carefully review the code before committing. Ensure that it accurately replaces the highlighted code, contains no missing lines, and has no issues with indentation. Thoroughly test & benchmark the code to ensure it meets the requirements.  ```suggestion export async function getTestEnv(): Promise<Env> {   if (cachedEnv) {     return cachedEnv;   }    try {     const proxy = await getPlatformProxy<Env>();     cachedEnv = proxy.env;     cachedCleanup = proxy.dispose;     return cachedEnv;   } catch (error) {     throw new Error(       `Failed to initialize test environment: ${         error instanceof Error ? error.message : String(error)       }`     );   } } ```  </details>  <!-- suggestion_end -->  <details> <summary>ğŸ¤– Prompt for AI Agents</summary>  ``` In tests/helpers/test-app.ts around lines 28 to 38, the call to getPlatformProxy<Env>() lacks error handling; wrap this call in a try/catch, and on failure log or throw a new error that includes a clear message like "Failed to initialize platform proxy for tests" plus the original error details (preserve the original error as the cause or append its message/stack), ensure cachedEnv and cachedCleanup remain unset on failure, and rethrow the error so the test runner receives the enriched failure information. ```  </details>  <!-- This is an auto-generated comment by CodeRabbit -->
https://github.com/goofmint/sheet-db/pull/5#discussion_r2409848798	tests/integration/db/client.test.ts	_âš ï¸ Potential issue_ | _ğŸŸ  Major_  **afterAllãƒ•ãƒƒã‚¯ã§cleanupTestEnvã‚’å‘¼ã³å‡ºã›ï¼**  å…±æœ‰ãƒ†ã‚¹ãƒˆç’°å¢ƒï¼ˆ`getTestEnv`ï¼‰ã‚’ä½¿ã£ã¦ã‚‹ã®ã¯è‰¯ã„ãŒã€å…¨ãƒ†ã‚¹ãƒˆçµ‚äº†å¾Œã«ãƒ—ãƒ©ãƒƒãƒˆãƒ•ã‚©ãƒ¼ãƒ ãƒ—ãƒ­ã‚­ã‚·ã‚’ã‚¯ãƒªãƒ¼ãƒ³ã‚¢ãƒƒãƒ—ã™ã‚‹`afterAll`ãƒ•ãƒƒã‚¯ãŒã­ã‡ãã€‚ãƒªã‚½ãƒ¼ã‚¹ãƒªãƒ¼ã‚¯ã‚’é˜²ããŸã‚ã«è¿½åŠ ã—ã‚ã€‚   ä»¥ä¸‹ã®diffã‚’é©ç”¨ã—ã¦ã‚¯ãƒªãƒ¼ãƒ³ã‚¢ãƒƒãƒ—ã‚’è¿½åŠ ã—ã‚ï¼š  ```diff -import { describe, it, expect, beforeEach } from 'vitest'; +import { describe, it, expect, beforeEach, afterAll } from 'vitest';  import { drizzle } from 'drizzle-orm/d1';  import { eq, and } from 'drizzle-orm'; -import { getTestEnv } from '../../helpers/test-app'; +import { getTestEnv, cleanupTestEnv } from '../../helpers/test-app';  import * as schema from '../../../src/db/schema';  import { createDbClient } from '../../../src/db/client';  import type { Env } from '../../../src/types/env';    describe('Database Client Integration', () => {    let env: Env;   +  afterAll(async () => { +    await cleanupTestEnv(); +  }); +    beforeEach(async () => { ```  <!-- suggestion_start -->  <details> <summary>ğŸ“ Committable suggestion</summary>  > â€¼ï¸ **IMPORTANT** > Carefully review the code before committing. Ensure that it accurately replaces the highlighted code, contains no missing lines, and has no issues with indentation. Thoroughly test & benchmark the code to ensure it meets the requirements.  ```suggestion import { describe, it, expect, beforeEach, afterAll } from 'vitest'; import { drizzle } from 'drizzle-orm/d1'; import { eq, and } from 'drizzle-orm'; import { getTestEnv, cleanupTestEnv } from '../../helpers/test-app'; import * as schema from '../../../src/db/schema'; import { createDbClient } from '../../../src/db/client'; import type { Env } from '../../../src/types/env';  describe('Database Client Integration', () => {   let env: Env;    afterAll(async () => {     await cleanupTestEnv();   });    beforeEach(async () => {     // Get test environment with real D1 database (no mocking)     // Uses shared platform proxy from test helper to avoid database locks     env = await getTestEnv(); ```  </details>  <!-- suggestion_end -->  <details> <summary>ğŸ¤– Prompt for AI Agents</summary>  ``` In tests/integration/db/client.test.ts around lines 22 to 25, the test setup calls getTestEnv() but there is no afterAll hook to clean up the shared platform proxy, which can leak resources; add an afterAll(async () => { await cleanupTestEnv(); }) hook (or call cleanupTestEnv synchronously if itâ€™s not async) at the bottom of the test file so the shared test environment is properly torn down after all tests run, ensuring the platform proxy and any related resources are released. ```  </details>  <!-- This is an auto-generated comment by CodeRabbit -->
